datum;nee
2013-05-02;10.00000000
2013-05-03;9.99004100
2013-05-06;9.98473500
2013-05-07;9.98393600
2013-05-08;10.02387600
2013-05-09;10.02427000
2013-05-10;10.05694800
2013-05-13;10.07724300
2013-05-14;10.10887900
2013-05-15;10.11392400
2013-05-16;10.08588200
2013-05-17;10.08822200
2013-05-21;10.12820700
2013-05-22;10.13541700
2013-05-23;10.01312200
2013-05-24;10.01117500
2013-05-27;10.07716100
2013-05-28;10.14952100
2013-05-29;10.06413100
2013-05-30;10.05983600
2013-05-31;9.99454300
2013-06-03;9.95405900
2013-06-04;9.96402000
2013-06-05;9.87429400
2013-06-06;9.83324700
2013-06-07;9.88557700
2013-06-10;9.88502400
2013-06-11;9.81538600
2013-06-12;9.77154700
2013-06-13;9.76374000
2013-06-14;9.77010800
2013-06-17;9.81694000
2013-06-18;9.82279600
2013-06-19;9.77560300
2013-06-20;9.57143700
2013-06-21;9.46418100
2013-06-24;9.36020700
2013-06-25;9.40824000
2013-06-26;9.52062200
2013-06-27;9.59631900
2013-06-28;9.59234700
2013-07-01;9.59597100
2013-07-02;9.60348100
2013-07-03;9.52769200
2013-07-04;9.66223200
2013-07-05;9.58926500
2013-07-08;9.63134000
2013-07-09;9.67535100
2013-07-10;9.67417500
2013-07-11;9.72921600
2013-07-12;9.69437900
2013-07-15;9.71896700
2013-07-16;9.69389100
2013-07-17;9.72235500
2013-07-18;9.81608400
2013-07-19;9.84506000
2013-07-22;9.86448500
2013-07-23;9.94554300
2013-07-24;9.99754700
2013-07-25;9.97749000
2013-07-26;9.99833800
2013-07-29;9.95572300
2013-07-30;10.01010600
2013-07-31;9.97586200
2013-08-01;10.09988400
2013-08-02;10.10216000
2013-08-05;10.10806900
2013-08-06;10.01702000
2013-08-07;10.01033500
2013-08-08;10.09768200
2013-08-09;10.11826900
2013-08-12;10.11548800
2013-08-13;10.18545100
2013-08-14;10.17879500
2013-08-15;10.11076900
2013-08-16;10.13930500
2013-08-21;9.97064900
2013-08-22;10.06459600
2013-08-23;10.11141000
2013-08-26;10.07992400
2013-08-27;9.95688400
2013-08-28;10.04519700
2013-08-29;10.04412900
2013-08-30;9.97943700
2013-09-02;10.04620900
2013-09-03;10.05489200
2013-09-04;10.07807400
2013-09-05;10.13918300
2013-09-06;10.23479300
2013-09-09;10.21582300
2013-09-10;10.38009600
2013-09-11;10.50179900
2013-09-12;10.58849700
2013-09-13;10.58444800
2013-09-16;10.62390400
2013-09-17;10.61144200
2013-09-18;10.60681900
2013-09-19;10.64388200
2013-09-20;10.62865200
2013-09-23;10.60239500
2013-09-24;10.66154600
2013-09-25;10.68728400
2013-09-26;10.72285100
2013-09-27;10.70166300
2013-09-30;10.62873400
2013-10-01;10.75345300
2013-10-02;10.75363400
2013-10-03;10.70649800
2013-10-04;10.77465300
2013-10-07;10.80607500
2013-10-08;10.78121800
2013-10-09;10.81192800
2013-10-10;10.96297300
2013-10-11;10.92529700
2013-10-14;10.96409600
2013-10-15;11.03943700
2013-10-16;11.11610600
2013-10-17;11.09246100
2013-10-18;11.15322300
2013-10-21;11.18595000
2013-10-22;11.20038400
2013-10-24;11.17379800
2013-10-25;11.16587300
2013-10-28;11.17708900
2013-10-29;11.26968300
2013-10-30;11.24282700
2013-10-31;11.22585500
2013-11-04;11.22342000
2013-11-05;11.21061700
2013-11-06;11.29947100
2013-11-07;11.20997400
2013-11-08;11.19469900
2013-11-11;11.21971800
2013-11-12;11.16375900
2013-11-13;11.14473600
2013-11-14;11.16328600
2013-11-15;11.18201600
2013-11-18;11.26664300
2013-11-19;11.20984300
2013-11-20;11.18530800
2013-11-21;11.21592100
2013-11-22;11.24200800
2013-11-25;11.25231800
2013-11-26;11.23458300
2013-11-27;11.27675700
2013-11-28;11.02098300
2013-11-29;11.03560800
2013-12-02;10.98735200
2013-12-03;10.82251300
2013-12-04;10.77903400
2013-12-05;10.68745300
2013-12-06;10.71735300
2013-12-09;10.73354000
2013-12-10;10.70374600
2013-12-11;10.66625200
2013-12-12;10.60687100
2013-12-13;10.57462500
2013-12-16;10.65950100
2013-12-17;10.58987300
2013-12-18;10.66534200
2013-12-19;10.80294300
2013-12-20;10.81002400
2013-12-23;10.84814400
2013-12-30;10.94224000
2013-12-31;10.95482200
2014-01-02;10.84642000
2014-01-03;10.90862000
2014-01-06;10.89866800
2014-01-07;10.95356400
2014-01-08;10.93236800
2014-01-09;10.94091200
2014-01-10;11.00857100
2014-01-13;11.04468900
2014-01-14;11.13300800
2014-01-15;11.26826400
2014-01-16;11.23228300
2014-01-17;11.27201200
2014-01-20;11.28085700
2014-01-21;11.20564700
2014-01-22;11.23139400
2014-01-23;11.20157600
2014-01-24;10.98661800
2014-01-27;10.90696700
2014-01-28;10.93619800
2014-01-29;10.87014000
2014-01-30;10.91763500
2014-01-31;10.88747500
2014-02-03;10.77684000
2014-02-04;10.76998700
2014-02-05;10.77036500
2014-02-06;10.90609600
2014-02-07;10.93055400
2014-02-10;10.91029600
2014-02-11;10.97831900
2014-02-12;11.03591400
2014-02-13;11.05035300
2014-02-14;11.12311800
2014-02-17;11.13528300
2014-02-18;11.13810800
2014-02-19;11.15140600
2014-02-20;11.17762000
2014-02-21;11.24030800
2014-02-24;11.27933400
2014-02-25;11.25018700
2014-02-26;11.16097200
2014-02-27;11.15387600
2014-02-28;11.19625100
2014-03-03;10.97682300
2014-03-04;11.12950900
2014-03-05;11.16028200
2014-03-06;11.19388200
2014-03-07;11.09971200
2014-03-10;11.09367500
2014-03-11;11.09245200
2014-03-12;11.03615100
2014-03-13;10.92472900
2014-03-14;10.86308300
2014-03-17;10.96227400
2014-03-18;11.04241400
2014-03-19;11.03558400
2014-03-20;11.04201200
2014-03-21;11.03616300
2014-03-24;10.96734400
2014-03-25;11.06187900
2014-03-26;11.09585900
2014-03-27;11.10165500
2014-03-28;11.19203300
2014-03-31;11.19859100
2014-04-01;11.27376500
2014-04-02;11.27913700
2014-04-03;11.28318500
2014-04-04;11.31458800
2014-04-07;11.23699300
2014-04-08;11.18017100
2014-04-09;11.22928500
2014-04-10;11.18253300
2014-04-11;11.08412000
2014-04-14;11.09288400
2014-04-15;11.00023900
2014-04-16;11.14305300
2014-04-17;11.17758500
2014-04-22;11.30186000
2014-04-23;11.26462100
2014-04-24;11.32821600
2014-04-25;11.23886200
2014-04-28;11.29170400
2014-04-29;11.40722200
2014-04-30;11.43801800
2014-05-05;11.42365800
2014-05-06;11.40719600
2014-05-07;11.41704400
2014-05-08;11.52789300
2014-05-09;11.50460500
2014-05-12;11.57344300
2014-05-13;11.56579100
2014-05-14;11.56081200
2014-05-15;11.46444600
2014-05-16;11.50104900
2014-05-19;11.51519800
2014-05-20;11.49227500
2014-05-21;11.56652800
2014-05-22;11.59630800
2014-05-23;11.65033100
2014-05-26;11.72458600
2014-05-27;11.74142600
2014-05-28;11.75815500
2014-05-29;11.78309000
2014-05-30;11.80409700
2014-06-02;11.82490500
2014-06-03;11.81856600
2014-06-04;11.79165700
2014-06-05;11.86254700
2014-06-06;11.92140900
2014-06-10;12.01206000
2014-06-11;11.93182000
2014-06-12;11.93524600
2014-06-13;11.94316000
2014-06-16;11.89764100
2014-06-17;11.88882600
2014-06-18;11.94579800
2014-06-19;11.99262100
2014-06-20;11.97576600
2014-06-23;11.93337300
2014-06-24;11.91195700
2014-06-25;11.82010000
2014-06-26;11.82719100
2014-06-27;11.82498100
2014-06-30;11.79953600
2014-07-01;11.85763500
2014-07-02;11.85816400
2014-07-03;11.91824000
2014-07-04;11.82953700
2014-07-07;11.76367900
2014-07-08;11.63328000
2014-07-09;11.66018000
2014-07-10;11.55621200
2014-07-11;11.59596500
2014-07-14;11.66243000
2014-07-15;11.62980300
2014-07-16;11.75256200
2014-07-17;11.66496100
2014-07-18;11.68519800
2014-07-21;11.64681300
2014-07-22;11.75838200
2014-07-23;11.74440200
2014-07-24;11.80332900
2014-07-25;11.76886400
2014-07-28;11.75578300
2014-07-29;11.78904800
2014-07-30;11.74198300
2014-07-31;11.60008200
2014-08-01;11.47429300
2014-08-04;11.46305100
2014-08-05;11.44839100
2014-08-06;11.34118900
2014-08-07;11.24856800
2014-08-08;11.20537700
2014-08-11;11.31800200
2014-08-12;11.27103800
2014-08-13;11.38335400
2014-08-14;11.39402400
2014-08-15;11.36464100
2014-08-18;11.45314900
2014-08-19;11.50206700
2014-08-21;11.55616700
2014-08-22;11.50530500
2014-08-25;11.61210900
2014-08-26;11.66707300
2014-08-27;11.67012400
2014-08-28;11.55942600
2014-08-29;11.56635600
2014-09-01;11.57026000
2014-09-02;11.56305500
2014-09-03;11.65665500
2014-09-04;11.73127800
2014-09-05;11.76857600
2014-09-08;11.74613300
2014-09-09;11.69675900
2014-09-10;11.69346500
2014-09-11;11.67122800
2014-09-12;11.64797200
2014-09-15;11.59215600
2014-09-16;11.56223900
2014-09-17;11.62442200
2014-09-18;11.68782800
2014-09-19;11.73222100
2014-09-22;11.67322400
2014-09-23;11.55955800
2014-09-24;11.61703900
2014-09-25;11.52706200
2014-09-26;11.51904900
2014-09-29;11.43803800
2014-09-30;11.49417100
2014-10-01;11.39404900
2014-10-02;11.20302400
2014-10-03;11.25295100
2014-10-06;11.28263200
2014-10-07;11.13789800
2014-10-08;11.06429300
2014-10-09;10.96600000
2014-10-10;10.83698200
2014-10-13;10.81959700
2014-10-14;10.80560500
2014-10-15;10.56117400
2014-10-16;10.49069100
2014-10-17;10.72804500
2014-10-20;10.69656600
2014-10-21;10.87923500
2014-10-22;10.94533400
2014-10-27;10.92594400
2014-10-28;11.06643300
2014-10-29;11.05994400
2014-10-30;11.10002100
2014-10-31;11.28124900
2014-11-03;11.20550500
2014-11-04;11.13798200
2014-11-05;11.25694200
2014-11-06;11.29028400
2014-11-07;11.23914700
2014-11-10;11.32791200
2014-11-11;11.36963100
2014-11-12;11.20271900
2014-11-13;11.18404500
2014-11-14;11.18759000
2014-11-17;11.22570500
2014-11-18;11.32605400
2014-11-19;11.34655100
2014-11-20;10.96121700
2014-11-21;11.16081100
2014-11-24;11.20796200
2014-11-25;11.26045300
2014-11-26;11.28707900
2014-11-27;11.29669300
2014-11-28;11.29563400
2014-12-01;11.24717000
2014-12-02;11.27476600
2014-12-03;11.32829000
2014-12-04;11.22443900
2014-12-05;11.43811300
2014-12-08;11.34499900
2014-12-09;11.09039800
2014-12-10;11.04229900
2014-12-11;10.99176800
2014-12-12;10.75215800
2014-12-15;10.51690200
2014-12-16;10.63213600
2014-12-17;10.62842600
2014-12-18;10.89524700
2014-12-19;10.91843500
2014-12-22;10.94475400
2014-12-23;11.02212900
2014-12-29;10.99120100
2014-12-30;10.90833700
2014-12-31;10.93077300
2015-01-05;10.65100400
2015-01-06;10.60917600
2015-01-07;10.64782500
2015-01-08;10.90857000
2015-01-09;10.74387600
2015-01-12;10.75911600
2015-01-13;10.85631400
2015-01-14;10.72358300
2015-01-15;10.85312600
2015-01-16;10.92621400
2015-01-19;10.98694100
2015-01-20;11.11290500
2015-01-21;11.19443700
2015-01-22;11.33027000
2015-01-23;11.42859800
2015-01-26;11.49995800
2015-01-27;11.41372900
2015-01-28;11.36967000
2015-01-29;11.38988800
2015-01-30;11.31553800
2015-02-02;11.35228600
2015-02-03;11.48070700
2015-02-04;11.45763400
2015-02-05;11.44488600
2015-02-06;11.44360400
2015-02-09;11.37426700
2015-02-10;11.48405300
2015-02-11;11.44580700
2015-02-12;11.58094000
2015-02-13;11.67129000
2015-02-16;11.69101100
2015-02-17;11.69266500
2015-02-18;11.75403400
2015-02-19;11.74831200
2015-02-20;11.76607400
2015-02-23;11.83328400
2015-02-24;11.94014700
2015-02-25;11.95359600
2015-02-26;11.99233200
2015-02-27;12.03912900
2015-03-02;12.01249300
2015-03-03;11.93246100
2015-03-04;11.93936500
2015-03-05;12.06039100
2015-03-06;12.06286800
2015-03-09;11.99380000
2015-03-10;11.82814600
2015-03-11;11.93794700
2015-03-12;11.91153700
2015-03-13;11.87204400
2015-03-16;11.93216900
2015-03-17;11.88841300
2015-03-18;11.93751700
2015-03-19;11.98935400
2015-03-20;12.08073900
2015-03-23;12.06038200
2015-03-24;12.09925600
2015-03-25;12.07647200
2015-03-26;11.97644000
2015-03-30;12.05023400
2015-03-31;11.97322700
2015-04-01;12.03299100
2015-04-02;12.03823500
2015-04-07;12.20037200
2015-04-08;12.15947700
2015-04-09;12.24587200
2015-04-10;12.33106400
2015-04-13;12.38185700
2015-04-14;12.35443500
2015-04-15;12.43943800
2015-04-16;12.37412000
2015-04-17;12.19881700
2015-04-20;12.27389700
2015-04-21;12.25497800
2015-04-22;12.21957200
2015-04-23;12.21469600
2015-04-24;12.27762300
2015-04-27;12.37242600
2015-04-28;12.29725600
2015-04-29;12.11755300
2015-04-30;12.13052400
2015-05-04;12.21756100
2015-05-05;12.06716200
2015-05-06;12.08113900
2015-05-07;12.08200700
2015-05-08;12.29631900
2015-05-11;12.32490700
2015-05-12;12.22671200
2015-05-13;12.21839900
2015-05-14;12.26591400
2015-05-15;12.23525600
2015-05-18;12.22042700
2015-05-19;12.33259100
2015-05-20;12.36682900
2015-05-21;12.38540700
2015-05-22;12.36551200
2015-05-26;12.18075500
2015-05-27;12.29042000
2015-05-28;12.23124100
2015-05-29;12.06630400
2015-06-01;12.08121800
2015-06-02;12.09556000
2015-06-03;12.17843500
2015-06-04;12.05323200
2015-06-05;11.94863200
2015-06-08;11.83512800
2015-06-09;11.80042200
2015-06-10;11.98289000
2015-06-11;11.97752500
2015-06-12;11.87200200
2015-06-15;11.69790300
2015-06-16;11.70087200
2015-06-17;11.62446000
2015-06-18;11.64556800
2015-06-19;11.68053600
2015-06-22;11.98920300
2015-06-23;12.06858200
2015-06-24;12.03751400
2015-06-25;12.00347300
2015-06-26;12.04783900
2015-06-29;11.71359200
2015-06-30;11.61612000
2015-07-01;11.74141100
2015-07-02;11.74230400
2015-07-03;11.67261500
2015-07-06;11.46245500
2015-07-07;11.25953100
2015-07-08;11.33751800
2015-07-09;11.56160200
2015-07-10;11.84932700
2015-07-13;12.02127900
2015-07-14;12.05607500
2015-07-15;12.12213900
2015-07-16;12.24101000
2015-07-17;12.19745100
2015-07-20;12.25618500
2015-07-21;12.19774200
2015-07-22;12.15543200
2015-07-23;12.11202300
2015-07-24;12.02428200
2015-07-27;11.79366700
2015-07-28;11.86674000
2015-07-29;11.91721500
2015-07-30;11.94652800
2015-07-31;11.99179100
2015-08-03;12.05888300
2015-08-04;12.01226700
2015-08-05;12.16550000
2015-08-06;12.15714600
2015-08-07;12.09203200
2015-08-10;12.13806000
2015-08-11;11.98608300
2015-08-12;11.77861700
2015-08-13;11.78106600
2015-08-14;11.70599400
2015-08-17;11.70969600
2015-08-18;11.66950300
2015-08-19;11.50024500
2015-08-24;10.43342100
2015-08-25;10.86088000
2015-08-26;10.76140400
2015-08-27;11.08514200
2015-08-28;11.08115100
2015-08-31;11.00623900
2015-09-01;10.74354600
2015-09-02;10.75226900
2015-09-03;10.92890400
2015-09-04;10.68157500
2015-09-07;10.71441300
2015-09-08;10.85369400
2015-09-09;10.93586700
2015-09-10;10.78624400
2015-09-11;10.64820300
2015-09-14;10.56249400
2015-09-15;10.60502700
2015-09-16;10.65604300
2015-09-17;10.71794200
2015-09-18;10.42633300
2015-09-21;10.44502500
2015-09-22;10.11672900
2015-09-23;10.12279500
2015-09-24;9.92203700
2015-09-25;10.13282500
2015-09-28;9.89965000
2015-09-29;9.93527000
2015-09-30;10.17247000
2015-10-01;10.04412800
2015-10-02;10.19273000
2015-10-05;10.53404900
2015-10-06;10.63487000
2015-10-07;10.74072600
2015-10-08;10.77649200
2015-10-09;10.91479300
2015-10-12;10.93595000
2015-10-13;10.76627300
2015-10-14;10.71302600
2015-10-15;10.74831200
2015-10-16;10.82803900
2015-10-19;10.81948800
2015-10-20;10.80868500
2015-10-21;10.83338900
2015-10-22;11.03099200
2015-10-26;11.19163900
2015-10-27;11.00186800
2015-10-28;11.11272400
2015-10-29;11.05249500
2015-10-30;11.09059800
2015-11-02;11.18695400
2015-11-03;11.20002300
2015-11-04;11.24707100
2015-11-05;11.17646500
2015-11-06;11.30248700
2015-11-09;11.17725100
2015-11-10;11.14073700
2015-11-11;11.14436400
2015-11-12;10.94568500
2015-11-13;10.89415700
2015-11-16;10.89065100
2015-11-17;11.10988500
2015-11-18;11.13068100
2015-11-19;11.22128500
2015-11-20;11.18964300
2015-11-23;11.13152100
2015-11-24;11.00817600
2015-11-25;11.08040600
2015-11-26;11.18452400
2015-11-27;11.12086300
2015-11-30;10.77238200
2015-12-01;10.83049500
2015-12-02;10.74038000
2015-12-03;10.56323500
2015-12-04;10.49579000
2015-12-07;10.43297300
2015-12-08;10.24417400
2015-12-09;10.21980400
2015-12-10;10.20272300
2015-12-11;9.98892100
2015-12-14;9.80468400
2015-12-15;10.07104900
2015-12-16;10.10839300
2015-12-17;10.18203000
2015-12-18;10.09278000
2015-12-21;10.04198600
2015-12-22;10.05825800
2015-12-23;10.32484000
2015-12-28;10.26422400
2015-12-29;10.34514100
2015-12-30;10.33385400
2015-12-31;10.30286000
2016-01-04;10.00020600
2016-01-05;10.06346700
2016-01-06;9.94408500
2016-01-07;9.74874200
2016-01-08;9.63737700
2016-01-11;9.60776800
2016-01-12;9.68092100
2016-01-13;9.74155500
2016-01-14;9.66878900
2016-01-15;9.37651200
2016-01-18;9.25229700
2016-01-19;9.40966100
2016-01-20;9.04069000
2016-01-21;9.27735100
2016-01-22;9.52721400
2016-01-25;9.43266900
2016-01-26;9.61109100
2016-01-27;9.64822100
2016-01-28;9.58604200
2016-01-29;9.69110800
2016-02-01;9.63553600
2016-02-02;9.37733600
2016-02-03;9.21950700
2016-02-04;9.36042700
2016-02-05;9.37621200
2016-02-08;9.01929600
2016-02-09;8.81300600
2016-02-10;8.97417700
2016-02-11;8.63512800
2016-02-12;8.92573600
2016-02-15;9.20027500
2016-02-16;9.17606800
2016-02-17;9.38998700
2016-02-18;9.35356700
2016-02-19;9.25679500
2016-02-22;9.49623000
2016-02-23;9.30186400
2016-02-24;9.05447900
2016-02-25;9.22136500
2016-02-26;9.38168200
2016-02-29;9.39298300
2016-03-01;9.59580600
2016-03-02;9.71184200
2016-03-03;9.78170800
2016-03-04;9.85334900
2016-03-07;9.81862100
2016-03-08;9.72407700
2016-03-09;9.73567500
2016-03-10;9.57909000
2016-03-11;9.94162200
2016-03-16;9.89176800
2016-03-17;9.84031800
2016-03-18;9.93132100
2016-03-21;9.85595000
2016-03-22;9.86354000
2016-03-23;9.78373600
2016-03-24;9.63603000
2016-03-29;9.65517500
2016-03-30;9.83584100
2016-03-31;9.75931000
2016-04-01;9.65866200
2016-04-04;9.65085600
2016-04-05;9.45167300
2016-04-06;9.51327700
2016-04-07;9.42075000
2016-04-08;9.60731300
2016-04-11;9.69212500
2016-04-12;9.73134000
2016-04-13;9.92191300
2016-04-14;10.00220100
2016-04-15;10.01748500
2016-04-18;10.03446900
2016-04-19;10.15679000
2016-04-20;10.23976200
2016-04-21;10.30288000
2016-04-22;10.33116400
2016-04-25;10.21799500
2016-04-26;10.28561400
2016-04-27;10.34279800
2016-04-28;10.34205400
2016-04-29;10.17879500
2016-05-02;10.13023400
2016-05-03;9.90759100
2016-05-04;9.78924600
2016-05-05;9.81891100
2016-05-06;9.82939400
2016-05-09;9.75510900
2016-05-10;9.84985300
2016-05-11;9.77119200
2016-05-12;9.78747400
2016-05-13;9.84463900
2016-05-17;9.82885200
2016-05-18;9.88551100
2016-05-19;9.77283300
2016-05-20;9.86670900
2016-05-23;9.83932600
2016-05-24;10.01127200
2016-05-25;10.16402200
2016-05-26;10.20857700
2016-05-27;10.21303300
2016-05-30;10.23783600
2016-05-31;10.14784400
2016-06-01;10.03727000
2016-06-02;10.09036700
2016-06-03;9.98174500
2016-06-06;10.04076700
2016-06-07;10.15318600
2016-06-08;10.15035700
2016-06-09;10.04732300
2016-06-10;9.78918800
2016-06-13;9.56682900
2016-06-14;9.36395700
2016-06-15;9.48510200
2016-06-16;9.42303500
2016-06-17;9.59357700
2016-06-20;9.89833400
2016-06-21;9.94146900
2016-06-22;9.99061300
2016-06-23;10.17807600
2016-06-24;9.34949400
2016-06-27;8.96766900
2016-06-28;9.19397500
2016-06-29;9.45209200
2016-06-30;9.59457300
2016-07-01;9.70494100
2016-07-04;9.63408600
2016-07-05;9.44029500
2016-07-06;9.25994400
2016-07-07;9.35186200
2016-07-08;9.57682200
2016-07-11;9.73103300
2016-07-12;9.96307600
2016-07-13;9.92455100
2016-07-14;10.13407000
2016-07-15;10.11325400
2016-07-18;10.11603000
2016-07-19;10.02898300
2016-07-20;10.11526800
2016-07-21;10.12659400
2016-07-22;10.13027000
2016-07-25;10.09853000
2016-07-26;10.08011200
2016-07-27;10.13970500
2016-07-28;10.02881200
2016-07-29;10.09233700
2016-08-01;9.97433000
2016-08-02;9.78564800
2016-08-03;9.80258500
2016-08-04;9.88977400
2016-08-05;10.01763400
2016-08-08;10.10738100
2016-08-09;10.19488400
2016-08-10;10.12778700
2016-08-11;10.20856200
2016-08-12;10.22651600
2016-08-15;10.19002600
2016-08-16;10.11578500
2016-08-17;9.98014300
2016-08-18;10.02723300
2016-08-19;9.93325900
2016-08-22;9.90748100
2016-08-23;10.02732500
2016-08-24;10.08357300
2016-08-25;10.02182200
2016-08-26;10.07150100
2016-08-29;10.03181300
2016-08-30;10.11696300
2016-08-31;10.13764400
2016-09-01;10.13136500
2016-09-02;10.32219600
2016-09-05;10.34883000
2016-09-06;10.30152900
2016-09-07;10.35597600
2016-09-08;10.42328600
2016-09-09;10.35946100
2016-09-12;10.23016600
2016-09-13;10.10918800
2016-09-14;10.04312500
2016-09-15;10.08189500
2016-09-16;9.94152300
2016-09-19;10.05819800
2016-09-20;10.00103800
2016-09-21;10.07361700
2016-09-22;10.24237800
2016-09-23;10.22059400
2016-09-26;10.05002800
2016-09-27;9.97826100
2016-09-28;10.04760600
2016-09-29;10.13842200
2016-09-30;10.16460200
2016-10-03;10.16089500
2016-10-04;10.21960100
2016-10-05;10.30947400
2016-10-06;10.35083600
2016-10-07;10.28566900
2016-10-10;10.36565900
2016-10-11;10.36064500
2016-10-12;10.36202600
2016-10-13;10.22746300
2016-10-14;10.42234300
2016-10-17;10.38279500
2016-10-18;10.54834100
2016-10-19;10.60904800
2016-10-20;10.69058700
2016-10-21;10.69804200
2016-10-24;10.76730500
2016-10-25;10.75094100
2016-10-26;10.78342000
2016-10-27;10.81110100
2016-10-28;10.81792000
2016-11-02;10.48633900
2016-11-03;10.58298700
2016-11-04;10.47859500
2016-11-07;10.62841000
2016-11-08;10.64797900
2016-11-09;10.72056300
2016-11-10;10.77267600
2016-11-11;10.73664400
2016-11-14;10.79805900
2016-11-15;10.84044300
2016-11-16;10.74618400
2016-11-17;10.74029400
2016-11-18;10.67447700
2016-11-21;10.68877600
2016-11-22;10.78159900
2016-11-23;10.75457400
2016-11-24;10.73712300
2016-11-25;10.74284400
2016-11-28;10.61625400
2016-11-29;10.67653600
2016-11-30;10.75426300
2016-12-01;10.78101300
2016-12-02;10.71160000
2016-12-05;10.83171100
2016-12-06;11.03530800
2016-12-07;11.13970200
2016-12-08;11.28336500
2016-12-09;11.25987900
2016-12-12;11.28861800
2016-12-13;11.33531100
2016-12-14;11.24127900
2016-12-15;11.36727700
2016-12-16;11.39262900
2016-12-19;11.34535800
2016-12-20;11.44270100
2016-12-21;11.43232600
2016-12-22;11.41875100
2016-12-23;11.42646600
2016-12-27;11.43424100
2016-12-28;11.40737600
2016-12-29;11.38078900
2016-12-30;11.39728700
2017-01-02;11.49201100
2017-01-03;11.58965700
2017-01-04;11.59094000
2017-01-05;11.59658000
2017-01-06;11.60015100
2017-01-09;11.51616600
2017-01-10;11.54590400
2017-01-11;11.55932500
2017-01-12;11.52371200
2017-01-13;11.61704500
2017-01-16;11.54383500
2017-01-17;11.52028400
2017-01-18;11.53790500
2017-01-19;11.55507100
2017-01-20;11.58417300
2017-01-23;11.49757900
2017-01-24;11.55843800
2017-01-25;11.70499500
2017-01-26;11.67577800
2017-01-27;11.68584000
2017-01-30;11.50938700
2017-01-31;11.43554000
2017-02-01;11.52705300
2017-02-02;11.51987500
2017-02-03;11.56112100
2017-02-06;11.42930100
2017-02-07;11.41040000
2017-02-08;11.41855900
2017-02-09;11.52526700
2017-02-10;11.50137300
2017-02-13;11.59421300
2017-02-14;11.63678500
2017-02-15;11.70038600
2017-02-16;11.67558800
2017-02-17;11.61062800
2017-02-20;11.64535200
2017-02-21;11.69331600
2017-02-22;11.64952100
2017-02-23;11.63876000
2017-02-24;11.51597100
2017-02-27;11.52818400
2017-02-28;11.56410200
2017-03-01;11.79373700
2017-03-02;11.80040600
2017-03-03;11.85230500
2017-03-06;11.81582800
2017-03-07;11.79058300
2017-03-08;11.82579700
2017-03-09;11.87366600
2017-03-10;11.92068300
2017-03-13;11.90032100
2017-03-14;11.84378100
2017-03-16;11.98639600
2017-03-17;12.00790200
2017-03-20;11.97430800
2017-03-21;11.92946300
2017-03-22;11.87100800
2017-03-23;11.98616000
2017-03-24;11.97623300
2017-03-27;11.89478700
2017-03-28;11.93386500
2017-03-29;11.90528800
2017-03-30;11.92397800
2017-03-31;11.98162400
2017-04-03;11.92094900
2017-04-04;11.88510200
2017-04-05;11.85195300
2017-04-06;11.87833900
2017-04-07;11.86181800
2017-04-10;11.83886600
2017-04-11;11.81647200
2017-04-12;11.78387600
2017-04-13;11.71260400
2017-04-18;11.63892900
2017-04-19;11.73290700
2017-04-20;11.74155400
2017-04-21;11.75335600
2017-04-24;12.13840200
2017-04-25;12.17398000
2017-04-26;12.15706200
2017-04-27;12.05162600
2017-04-28;12.09336200
2017-05-02;12.13959500
2017-05-03;12.12972700
2017-05-04;12.24156000
2017-05-05;12.35276000
2017-05-08;12.32561900
2017-05-09;12.35813400
2017-05-10;12.35981400
2017-05-11;12.26440900
2017-05-12;12.28894600
2017-05-15;12.38571800
2017-05-16;12.44037200
2017-05-17;12.26908000
2017-05-18;12.19887400
2017-05-19;12.34776100
2017-05-22;12.36521200
2017-05-23;12.42212900
2017-05-24;12.40930600
2017-05-25;12.39111900
2017-05-26;12.35142500
2017-05-29;12.33768400
2017-05-30;12.28861500
2017-05-31;12.26307000
2017-06-01;12.31085100
2017-06-02;12.32621800
2017-06-06;12.24818000
2017-06-07;12.27727800
2017-06-08;12.35839100
2017-06-09;12.38605300
2017-06-12;12.22121300
2017-06-13;12.26830700
2017-06-14;12.26917900
2017-06-15;12.20830300
2017-06-16;12.22532900
2017-06-19;12.33141000
2017-06-20;12.17902100
2017-06-21;12.15922500
2017-06-22;12.11473100
2017-06-23;12.03617800
2017-06-26;12.07700700
2017-06-27;12.05942300
2017-06-28;12.06890400
2017-06-29;11.97836800
2017-06-30;11.91285800
2017-07-03;12.09917300
2017-07-04;12.04275800
2017-07-05;12.02622100
2017-07-06;12.03468900
2017-07-07;12.03962200
2017-07-10;12.06976600
2017-07-11;12.03462300
2017-07-12;12.14902600
2017-07-13;12.20988500
2017-07-14;12.17975400
2017-07-17;12.18823300
2017-07-18;12.10282700
2017-07-19;12.12513800
2017-07-20;12.12330400
2017-07-21;12.00516900
2017-07-24;12.01050500
2017-07-25;12.12550100
2017-07-26;12.18020000
2017-07-27;12.20326600
2017-07-28;12.13516500
2017-07-31;12.11234600
2017-08-01;12.18684300
2017-08-02;12.17173300
2017-08-03;12.21902200
2017-08-04;12.33896000
2017-08-07;12.35312600
2017-08-08;12.42443500
2017-08-09;12.31514300
2017-08-10;12.20191700
2017-08-11;12.10474600
2017-08-14;12.25180400
2017-08-15;12.29610100
2017-08-16;12.37856100
2017-08-17;12.30368700
2017-08-18;12.26492400
2017-08-21;12.18941500
2017-08-22;12.28270100
2017-08-23;12.24278100
2017-08-24;12.25147400
2017-08-25;12.24802100
2017-08-28;12.20339200
2017-08-29;12.07184200
2017-08-30;12.13872200
2017-08-31;12.19017200
2017-09-01;12.27150400
2017-09-04;12.22352300
2017-09-05;12.17604800
2017-09-06;12.19375000
2017-09-07;12.21447300
2017-09-08;12.21068200
2017-09-11;12.33509100
2017-09-12;12.41963100
2017-09-13;12.43151900
2017-09-14;12.42415200
2017-09-15;12.38567300
2017-09-18;12.42132600
2017-09-19;12.43824000
2017-09-20;12.46010000
2017-09-21;12.48965600
2017-09-22;12.49010600
2017-09-25;12.45168500
2017-09-26;12.46742800
2017-09-27;12.59124900
2017-09-28;12.58884600
2017-09-29;12.63764900
2017-10-02;12.66532000
2017-10-03;12.69174400
2017-10-04;12.61019900
2017-10-05;12.67765200
2017-10-06;12.65545700
2017-10-09;12.67045000
2017-10-10;12.62339400
2017-10-11;12.67143900
2017-10-12;12.65394800
2017-10-13;12.64569100
2017-10-16;12.63728200
2017-10-17;12.63684800
2017-10-18;12.66500900
2017-10-19;12.61662100
2017-10-20;12.64479300
2017-10-24;12.66311300
2017-10-25;12.56639300
2017-10-26;12.64739600
2017-10-27;12.63790500
2017-10-30;12.67130400
2017-10-31;12.69293600
2017-11-02;12.73507300
2017-11-03;12.62780500
2017-11-06;12.62282700
2017-11-07;12.58396900
2017-11-08;12.56763300
2017-11-09;12.50763900
2017-11-10;12.47050500
2017-11-13;12.41148600
2017-11-14;12.37089000
2017-11-15;12.30138600
2017-11-16;12.34334200
2017-11-17;12.27708000
2017-11-20;12.32149300
2017-11-21;12.32958700
2017-11-22;12.31896900
2017-11-23;12.32261100
2017-11-24;12.36083800
2017-11-27;12.29414100
2017-11-28;12.35054600
2017-11-29;12.41482600
2017-11-30;12.38280700
2017-12-01;12.28386200
2017-12-04;12.39062200
2017-12-05;12.37469800
2017-12-06;12.32467000
2017-12-07;12.39449500
2017-12-08;12.47171500
2017-12-11;12.44685400
2017-12-12;12.51416100
2017-12-13;12.41193100
2017-12-14;12.35732500
2017-12-15;12.33504900
2017-12-18;12.44090000
2017-12-19;12.42184800
2017-12-20;12.36988100
2017-12-21;12.43878300
2017-12-22;12.40817700
2017-12-27;12.38100900
2017-12-28;12.36588500
2017-12-29;12.32699800
2018-01-02;12.34578400
2018-01-03;12.41053600
2018-01-04;12.56533400
2018-01-05;12.62734700
2018-01-08;12.66739900
2018-01-09;12.70413500
2018-01-10;12.70387700
2018-01-11;12.70097100
2018-01-12;12.72578900
2018-01-15;12.76772700
2018-01-16;12.76669900
2018-01-17;12.72738300
2018-01-18;12.75873500
2018-01-19;12.82069200
2018-01-22;12.87972000
2018-01-23;12.91306900
2018-01-24;12.85458800
2018-01-25;12.86334200
2018-01-26;12.89747400
2018-01-29;12.89700100
2018-01-30;12.74478200
2018-01-31;12.73272100
2018-02-01;12.67558700
2018-02-02;12.51710000
2018-02-05;12.37701200
2018-02-06;12.14514500
2018-02-07;12.31594100
2018-02-08;12.10883900
2018-02-09;11.98179000
2018-02-12;12.10535500
2018-02-13;12.01744400
2018-02-14;12.10667200
2018-02-15;12.12937800
2018-02-16;12.21160400
2018-02-19;12.20445100
2018-02-20;12.27316800
2018-02-21;12.24172500
2018-02-22;12.24404000
2018-02-23;12.25171300
2018-02-26;12.27251800
2018-02-27;12.29192300
2018-02-28;12.25241500
2018-03-01;12.13658700
2018-03-02;11.90285300
2018-03-05;11.99430500
2018-03-06;12.05053000
2018-03-07;12.07804500
2018-03-08;12.15330900
2018-03-09;12.19727800
2018-03-12;12.27192600
2018-03-13;12.17063900
2018-03-14;12.14168700
2018-03-19;12.16340600
2018-03-20;12.21130000
2018-03-21;12.19380900
2018-03-22;12.04075100
2018-03-23;11.94687000
2018-03-26;11.89678200
2018-03-27;12.00714800
2018-03-28;12.09989000
2018-03-29;12.15966800
2018-04-03;12.11477400
2018-04-04;12.08249700
2018-04-05;12.33268800
2018-04-06;12.27987100
2018-04-09;12.30484900
2018-04-10;12.36159500
2018-04-11;12.32271800
2018-04-12;12.43011900
2018-04-13;12.44596800
2018-04-16;12.43610900
2018-04-17;12.52650900
2018-04-18;12.57745700
2018-04-19;12.62320500
2018-04-20;12.63235200
2018-04-23;12.70168500
2018-04-24;12.69962100
2018-04-25;12.61295600
2018-04-26;12.67907300
2018-04-27;12.68440500
2018-05-02;12.77811400
2018-05-03;12.70836700
2018-05-04;12.76620100
2018-05-07;12.80524000
2018-05-08;12.78231000
2018-05-09;12.84116900
2018-05-10;12.86043700
2018-05-11;12.87457300
2018-05-14;12.86789700
2018-05-15;12.88613500
2018-05-16;12.82793600
2018-05-17;12.89953500
2018-05-18;12.85018500
2018-05-22;12.90502000
2018-05-23;12.76994200
2018-05-24;12.66912000
2018-05-25;12.59427900
2018-05-28;12.51546200
2018-05-29;12.28766700
2018-05-30;12.38569800
2018-05-31;12.30716200
2018-06-01;12.46758700
2018-06-04;12.50383200
2018-06-05;12.39082200
2018-06-06;12.44549900
2018-06-07;12.50577300
2018-06-08;12.42093100
2018-06-11;12.60494200
2018-06-12;12.60374800
2018-06-13;12.60163800
2018-06-14;12.69757700
2018-06-15;12.60356800
2018-06-18;12.50907200
2018-06-19;12.44866200
2018-06-20;12.45142000
2018-06-21;12.31464000
2018-06-22;12.46358200
2018-06-25;12.26130300
2018-06-26;12.25425000
2018-06-27;12.27140300
2018-06-28;12.17246800
2018-06-29;12.25110300
2018-07-02;12.18105900
2018-07-03;12.27885600
2018-07-04;12.30702300
2018-07-05;12.41573500
2018-07-06;12.44226400
2018-07-09;12.49808000
2018-07-10;12.48319300
2018-07-11;12.31888800
2018-07-12;12.35608700
2018-07-13;12.36643700
2018-07-16;12.34331200
2018-07-17;12.35728400
2018-07-18;12.40063500
2018-07-19;12.37488100
2018-07-20;12.35834800
2018-07-23;12.36663000
2018-07-24;12.47505800
2018-07-25;12.43429600
2018-07-26;12.54802200
2018-07-27;12.64270000
2018-07-30;12.65171300
2018-07-31;12.71183500
2018-08-01;12.64901600
2018-08-02;12.50327300
2018-08-03;12.53029600
2018-08-06;12.52487800
2018-08-07;12.60881600
2018-08-08;12.56437100
2018-08-09;12.53841000
2018-08-10;12.30510800
2018-08-13;12.21009600
2018-08-14;12.19022400
2018-08-15;12.03139700
2018-08-16;12.09306800
2018-08-17;12.02820900
2018-08-21;12.18343000
2018-08-22;12.23707100
2018-08-23;12.22458600
2018-08-24;12.24912800
2018-08-27;12.31623100
2018-08-28;12.30036300
2018-08-29;12.30875900
2018-08-30;12.20882500
2018-08-31;12.09800000
2018-09-03;12.13344600
2018-09-04;12.09019700
2018-09-05;12.02868200
2018-09-06;11.93691500
2018-09-07;11.90355400
2018-09-10;12.00296200
2018-09-11;11.99315100
2018-09-12;12.02617200
2018-09-13;12.05872800
2018-09-14;12.09431300
2018-09-17;12.12247900
2018-09-18;12.17596400
2018-09-19;12.23648400
2018-09-20;12.34433100
2018-09-21;12.39289000
2018-09-24;12.31260500
2018-09-25;12.37035600
2018-09-26;12.37620700
2018-09-27;12.39553200
2018-09-28;12.17705400
2018-10-01;12.16428600
2018-10-02;12.09092300
2018-10-03;12.14996200
2018-10-04;12.09137300
2018-10-05;11.97124300
2018-10-08;11.85306500
2018-10-09;11.92337300
2018-10-10;11.82338300
2018-10-11;11.63259300
2018-10-12;11.57225900
2018-10-15;11.61658800
2018-10-16;11.72453000
2018-10-17;11.67064800
2018-10-18;11.60389500
2018-10-19;11.59940600
2018-10-24;11.26215200
2018-10-25;11.33982700
2018-10-26;11.22483300
2018-10-29;11.36396100
2018-10-30;11.34223000
2018-10-31;11.49574500
2018-11-05;11.63173300
2018-11-06;11.58101800
2018-11-07;11.73058500
2018-11-08;11.71233200
2018-11-09;11.68211000
2018-11-12;11.53957000
2018-11-13;11.62273000
2018-11-14;11.52563100
2018-11-15;11.43579900
2018-11-16;11.43225600
2018-11-19;11.36286100
2018-11-20;11.18998500
2018-11-21;11.32603800
2018-11-22;11.19825100
2018-11-23;11.21422900
2018-11-26;11.39732900
2018-11-27;11.36765500
2018-11-28;11.36669900
2018-11-29;11.36738300
2018-11-30;11.31808700
2018-12-03;11.43508800
2018-12-04;11.30103900
2018-12-05;11.18809700
2018-12-06;10.78278100
2018-12-07;10.85393400
2018-12-10;10.65951500
2018-12-11;10.77627400
2018-12-12;10.96436500
2018-12-13;10.97125700
2018-12-14;10.87587200
2018-12-17;10.75466700
2018-12-18;10.67704400
2018-12-19;10.71571600
2018-12-20;10.51758800
2018-12-21;10.49045600
2018-12-27;10.24674800
2018-12-28;10.45602900
2018-12-31;10.46147600
2019-01-02;10.45850400
2019-01-03;10.41545600
2019-01-04;10.74328700
2019-01-07;10.74560100
2019-01-08;10.85623800
2019-01-09;10.89985400
2019-01-10;10.90232600
2019-01-11;10.87608800
2019-01-14;10.82236500
2019-01-15;10.86049900
2019-01-16;10.95398800
2019-01-17;10.92158000
2019-01-18;11.16375200
2019-01-21;11.10665900
2019-01-22;11.05382700
2019-01-23;11.06792200
2019-01-24;11.08717900
2019-01-25;11.22909900
2019-01-28;11.12989400
2019-01-29;11.16228900
2019-01-30;11.16682700
2019-01-31;11.11133700
2019-02-01;11.12351600
2019-02-04;11.08570200
2019-02-05;11.27192600
2019-02-06;11.29177800
2019-02-07;11.05521100
2019-02-08;10.94499800
2019-02-11;11.06360400
2019-02-12;11.16337200
2019-02-13;11.20251500
2019-02-14;11.14906600
2019-02-15;11.39496000
2019-02-18;11.43164100
2019-02-19;11.42237200
2019-02-20;11.51146700
2019-02-21;11.48561200
2019-02-22;11.47483800
2019-02-25;11.51388500
2019-02-26;11.54148000
2019-02-27;11.52622500
2019-02-28;11.61362300
2019-03-01;11.65524500
2019-03-04;11.66818800
2019-03-05;11.66183600
2019-03-06;11.66124000
2019-03-07;11.50682900
2019-03-08;11.39982800
2019-03-11;11.46996000
2019-03-12;11.46155700
2019-03-13;11.53166700
2019-03-14;11.59778900
2019-03-18;11.75080900
2019-03-19;11.83369500
2019-03-20;11.67427000
2019-03-21;11.63069400
2019-03-22;11.39659200
2019-03-25;11.34408900
2019-03-26;11.36432500
2019-03-27;11.41515400
2019-03-28;11.36756700
2019-03-29;11.47559300
2019-04-01;11.64073600
2019-04-02;11.65711000
2019-04-03;11.81291900
2019-04-04;11.83663100
2019-04-05;11.83868700
2019-04-08;11.78380400
2019-04-09;11.75191300
2019-04-11;11.80506100
2019-04-12;11.92306200
2019-04-15;11.97831800
2019-04-16;12.03758500
2019-04-17;12.07780800
2019-04-18;12.09657700
2019-04-23;12.11205500
2019-04-24;12.02202100
2019-04-25;12.01814700
2019-04-26;12.05683400
2019-04-29;12.10011300
2019-04-30;12.11864500
2019-05-02;12.06647800
2019-05-03;12.07374200
2019-05-06;11.95795700
2019-05-07;11.74476700
2019-05-08;11.75850200
2019-05-09;11.53947700
2019-05-10;11.56831500
2019-05-13;11.41386200
2019-05-14;11.50958100
2019-05-15;11.53295200
2019-05-16;11.70419900
2019-05-17;11.63316800
2019-05-20;11.47939000
2019-05-21;11.53611800
2019-05-22;11.45969800
2019-05-23;11.25781900
2019-05-24;11.33934300
2019-05-27;11.34859400
2019-05-28;11.32711800
2019-05-29;11.15810200
2019-05-30;11.22568700
2019-05-31;11.09361200
2019-06-03;11.10131300
2019-06-04;11.26304900
2019-06-05;11.24488700
2019-06-06;11.16196000
2019-06-07;11.25080900
2019-06-11;11.38268000
2019-06-12;11.32199100
2019-06-13;11.31504400
2019-06-14;11.23165100
2019-06-17;11.22761400
2019-06-18;11.38363700
2019-06-19;11.44279200
2019-06-20;11.43715400
2019-06-21;11.43828100
2019-06-24;11.37925800
2019-06-25;11.30204700
2019-06-26;11.34777200
2019-06-27;11.38888700
2019-06-28;11.47465600
2019-07-01;11.49811300
2019-07-02;11.48169700
2019-07-03;11.58396900
2019-07-04;11.64789100
2019-07-05;11.64136300
2019-07-08;11.58273800
2019-07-09;11.52085600
2019-07-10;11.53127900
2019-07-11;11.56397800
2019-07-12;11.55075000
2019-07-15;11.53052900
2019-07-16;11.58937600
2019-07-17;11.47353100
2019-07-18;11.35416000
2019-07-19;11.31701800
2019-07-22;11.31633000
2019-07-23;11.46636600
2019-07-24;11.45638800
2019-07-25;11.47035100
2019-07-26;11.44959800
2019-07-29;11.43516500
2019-07-30;11.19197000
2019-07-31;11.21592500
2019-08-01;11.21811300
2019-08-02;10.89677600
2019-08-05;10.71599800
2019-08-06;10.59291300
2019-08-07;10.50054400
2019-08-08;10.73012700
2019-08-09;10.55227600
2019-08-12;10.48602700
2019-08-13;10.52543100
2019-08-14;10.23765800
2019-08-15;10.08863500
2019-08-16;10.33821600
2019-08-21;10.51938300
2019-08-22;10.57111700
2019-08-23;10.50089400
2019-08-26;10.50224700
2019-08-27;10.52345800
2019-08-28;10.45083100
2019-08-29;10.63145600
2019-08-30;10.66044100
2019-09-02;10.69867200
2019-09-03;10.60748400
2019-09-04;10.78338100
2019-09-05;11.06211300
2019-09-06;11.00347800
2019-09-09;11.20604600
2019-09-10;11.36558100
2019-09-11;11.33375100
2019-09-12;11.38655900
2019-09-13;11.66201200
2019-09-16;11.55505500
2019-09-17;11.45585000
2019-09-18;11.39991300
2019-09-19;11.49205700
2019-09-20;11.58062900
2019-09-23;11.32762700
2019-09-24;11.28443300
2019-09-25;11.20952000
2019-09-26;11.27166700
2019-09-27;11.42354100
2019-09-30;11.48624900
2019-10-01;11.43210100
2019-10-02;11.19694600
2019-10-03;11.04068900
2019-10-04;11.03910000
2019-10-07;11.17574600
2019-10-08;11.10171600
2019-10-09;11.18695100
2019-10-10;11.37719100
2019-10-11;11.72637600
2019-10-14;11.65838700
2019-10-15;11.83752300
2019-10-16;11.94154000
2019-10-17;11.89746100
2019-10-18;11.89856500
2019-10-21;12.05614500
2019-10-22;12.04115700
2019-10-24;12.02394600
2019-10-25;11.99096100
2019-10-28;12.03281800
2019-10-29;11.98040500
2019-10-30;11.88229200
2019-10-31;11.79824900
2019-11-04;12.02358700
2019-11-05;12.15134200
2019-11-06;12.16816400
2019-11-07;12.31070500
2019-11-08;12.25116600
2019-11-11;12.26815200
2019-11-12;12.29834200
2019-11-13;12.12500200
2019-11-14;12.06076900
2019-11-15;12.10089700
2019-11-18;12.04946200
2019-11-19;12.02797600
2019-11-20;12.02238800
2019-11-21;12.04980400
2019-11-22;12.05129200
2019-11-25;12.07814300
2019-11-26;12.03369100
2019-11-27;12.01309400
2019-11-28;11.99085300
2019-11-29;11.99168600
2019-12-02;11.92703200
2019-12-03;11.83124100
2019-12-04;11.98542700
2019-12-05;11.96879600
2019-12-06;12.04450000
2019-12-09;12.01733000
2019-12-10;12.01105700
2019-12-11;12.02756200
2019-12-12;12.12019900
2019-12-13;12.15661600
2019-12-16;12.26291800
2019-12-17;12.15361100
2019-12-18;12.17754000
2019-12-19;12.14875700
2019-12-20;12.20577700
2019-12-23;12.18869000
2019-12-30;12.12479500
2019-12-31;12.09211400
2020-01-02;12.13375600
2020-01-03;12.05346600
2020-01-06;11.99441100
2020-01-07;12.02013300
2020-01-08;11.99639500
2020-01-09;12.01440900
2020-01-10;11.99232300
2020-01-13;11.84963700
2020-01-14;11.82904500
2020-01-15;11.74179400
2020-01-16;11.71409900
2020-01-17;11.77029000
2020-01-20;11.74607800
2020-01-21;11.68645500
2020-01-22;11.55782900
2020-01-23;11.40548500
2020-01-24;11.55987000
2020-01-27;11.38752400
2020-01-28;11.43696500
2020-01-29;11.45070300
2020-01-30;11.19651000
2020-01-31;11.19332500
2020-02-03;11.15260400
2020-02-04;11.21943300
2020-02-05;11.37471700
2020-02-06;11.44573900
2020-02-07;11.43419200
2020-02-10;11.31269200
2020-02-11;11.44659200
2020-02-12;11.45756000
2020-02-13;11.39906200
2020-02-14;11.39089800
2020-02-17;11.43415700
2020-02-18;11.37838700
2020-02-19;11.35567100
2020-02-20;11.36645700
2020-02-21;11.35337900
2020-02-24;11.13006200
2020-02-25;11.02982500
2020-02-26;11.05578200
2020-02-27;10.87654000
2020-02-28;10.39729300
2020-03-02;10.27378300
2020-03-03;10.40427900
2020-03-04;10.40860000
2020-03-05;10.30773600
2020-03-06;9.89155600
2020-03-09;9.04601300
2020-03-10;8.75701100
2020-03-11;8.84672800
2020-03-12;7.74959400
2020-03-13;7.79828600
2020-03-16;7.48259900
2020-03-17;7.67535900
2020-03-18;7.39319900
2020-03-19;7.63200500
2020-03-20;7.91318500
2020-03-23;7.70448700
2020-03-24;8.46227600
2020-03-25;8.81588800
2020-03-26;8.91603900
2020-03-27;8.49570200
2020-03-30;8.48762400
2020-03-31;8.63042700
2020-04-01;8.32450100
2020-04-02;8.36194400
2020-04-03;8.26920800
2020-04-06;8.68816900
2020-04-07;8.95277600
2020-04-08;8.86168100
2020-04-09;8.99120300
2020-04-14;8.95000800
2020-04-15;8.52399600
2020-04-16;8.49614300
2020-04-17;8.67295600
2020-04-20;8.78364500
2020-04-21;8.48192900
2020-04-22;8.57556000
2020-04-23;8.70992400
2020-04-24;8.47460800
2020-04-27;8.70718000
2020-04-28;8.93791500
2020-04-29;9.09462600
2020-04-30;8.83100600
2020-05-04;8.60960300
2020-05-05;8.77138000
2020-05-06;8.65804500
2020-05-07;8.68385000
2020-05-08;8.73167300
2020-05-11;8.62584700
2020-05-12;8.75100800
2020-05-13;8.50384000
2020-05-14;8.28625300
2020-05-15;8.29700200
2020-05-18;8.66158600
2020-05-19;8.59012700
2020-05-20;8.61233000
2020-05-21;8.54817500
2020-05-22;8.52812600
2020-05-25;8.72054500
2020-05-26;8.91427900
2020-05-27;9.11310300
2020-05-28;9.22821500
2020-05-29;8.98661800
2020-06-02;9.37438100
2020-06-03;9.73255400
2020-06-04;9.78754700
2020-06-05;10.18001000
2020-06-08;10.16218200
2020-06-09;9.93540600
2020-06-10;9.76735200
2020-06-11;9.43728900
2020-06-12;9.41081400
2020-06-15;9.31212800
2020-06-16;9.59029100
2020-06-17;9.64592700
2020-06-18;9.57597500
2020-06-19;9.63942400
2020-06-22;9.44897600
2020-06-23;9.62477400
2020-06-24;9.37608400
2020-06-25;9.42043100
2020-06-26;9.42995200
2020-06-29;9.51728200
2020-06-30;9.41823700
2020-07-01;9.33750000
2020-07-02;9.58114800
2020-07-03;9.48571700
2020-07-06;9.58637400
2020-07-07;9.51719600
2020-07-08;9.31866400
2020-07-09;9.18840300
2020-07-10;9.24429600
2020-07-13;9.57415600
2020-07-14;9.50192500
2020-07-15;9.65349800
2020-07-16;9.69389500
2020-07-17;9.61198600
2020-07-20;9.48327100
2020-07-21;9.60097700
2020-07-22;9.47801100
2020-07-23;9.57674800
2020-07-24;9.46760500
2020-07-27;9.30405200
2020-07-28;9.37286000
2020-07-29;9.28110000
2020-07-30;8.87401900
2020-07-31;8.76013500
2020-08-03;8.88269500
2020-08-04;8.90947500
2020-08-05;8.94877500
2020-08-06;8.76235300
2020-08-07;8.80236400
2020-08-10;8.88175000
2020-08-11;9.24803400
2020-08-12;9.26170100
2020-08-13;9.17328000
2020-08-14;9.08987500
2020-08-17;8.99264400
2020-08-18;8.88965600
2020-08-19;9.02202500
2020-08-24;8.87414100
2020-08-25;8.87371700
2020-08-26;8.85540500
2020-08-27;8.79075200
2020-08-28;8.77833200
2020-08-31;8.60047800
2020-09-01;8.52899100
2020-09-02;8.55803400
2020-09-03;8.72743600
2020-09-04;8.78818600
2020-09-07;8.95394300
2020-09-08;8.95221900
2020-09-09;9.02129500
2020-09-10;9.07339800
2020-09-11;9.06758100
2020-09-14;9.00548000
2020-09-15;8.95845800
2020-09-16;9.02365800
2020-09-17;9.00795500
2020-09-18;8.93359800
2020-09-21;8.52411300
2020-09-22;8.50155600
2020-09-23;8.56977900
2020-09-24;8.50106600
2020-09-25;8.35259600
2020-09-28;8.54992500
2020-09-29;8.49033300
2020-09-30;8.46856900
2020-10-01;8.34787700
2020-10-02;8.43776100
2020-10-05;8.50538100
2020-10-06;8.69348600
2020-10-07;8.61099400
2020-10-08;8.69926500
2020-10-09;8.66324700
2020-10-12;8.57842900
2020-10-13;8.47109900
2020-10-14;8.50007100
2020-10-15;8.28704000
2020-10-16;8.43073400
2020-10-19;8.46955200
2020-10-20;8.46297800
2020-10-21;8.33613600
2020-10-22;8.32517300
2020-10-26;8.23690000
2020-10-27;8.05169200
2020-10-28;7.86412300
2020-10-29;7.77166600
2020-10-30;7.90914500
2020-11-02;8.07219000
2020-11-03;8.26954100
2020-11-04;8.24007700
2020-11-05;8.26075900
2020-11-06;8.17355700
2020-11-09;9.07634300
2020-11-10;9.41028600
2020-11-11;9.38295400
2020-11-12;9.31249300
2020-11-13;9.30185500
2020-11-16;9.43530400
2020-11-17;9.44583000
2020-11-18;9.53047700
2020-11-19;9.40467300
2020-11-20;9.46048500
2020-11-23;9.54882300
2020-11-24;9.66658300
2020-11-25;9.71914200
2020-11-26;9.67817000
2020-11-27;9.69640300
2020-11-30;9.61016900
2020-12-01;9.66060200
2020-12-02;9.65461800
2020-12-03;9.63366600
2020-12-04;9.69020900
2020-12-07;9.60634600
2020-12-08;9.57565200
2020-12-09;9.70664800
2020-12-10;9.63762000
2020-12-11;9.48575600
2020-12-14;9.53291300
2020-12-15;9.52902500
2020-12-16;9.56717000
2020-12-17;9.55180700
2020-12-18;9.49041300
2020-12-21;9.18581800
2020-12-22;9.32679000
2020-12-23;9.52095000
2020-12-28;9.56915300
2020-12-29;9.56616500
2020-12-30;9.54726000
2020-12-31;9.51327600
2021-01-04;9.60915200
2021-01-05;9.58206200
2021-01-06;9.95037100
2021-01-07;9.95565400
2021-01-08;9.88936900
2021-01-11;9.88997600
2021-01-12;9.91316900
2021-01-13;9.92071800
2021-01-14;9.97435200
2021-01-15;9.89458000
2021-01-18;9.87814100
2021-01-19;9.83397500
2021-01-20;9.77693600
2021-01-21;9.71899700
2021-01-22;9.60021200
2021-01-25;9.40650600
2021-01-26;9.49031600
2021-01-27;9.38218500
2021-01-28;9.43106200
2021-01-29;9.29590300
2021-02-01;9.38071200
2021-02-02;9.50028600
2021-02-03;9.54690200
2021-02-04;9.62267600
2021-02-05;9.66787500
2021-02-08;9.70982400
2021-02-09;9.67210400
2021-02-10;9.64947500
2021-02-11;9.64540400
2021-02-12;9.69549300
2021-02-15;9.81330600
2021-02-16;9.79100200
2021-02-17;9.76758800
2021-02-18;9.70549700
2021-02-19;9.78206000
2021-02-22;9.75872800
2021-02-23;9.78030600
2021-02-24;9.83221700
2021-02-25;9.80501900
2021-02-26;9.67546700
2021-03-01;9.81251000
2021-03-02;9.83392100
2021-03-03;9.86310700
2021-03-04;9.88284100
2021-03-05;9.85348400
2021-03-08;10.03629600
2021-03-09;10.04724200
2021-03-10;10.13282800
2021-03-11;10.12127500
2021-03-12;10.14113100
2021-03-16;10.17721000
2021-03-17;10.19456900
2021-03-18;10.24178100
2021-03-19;10.16792000
2021-03-22;10.14490300
2021-03-23;10.13822300
2021-03-24;10.14334600
2021-03-25;10.15082900
2021-03-26;10.22764600
2021-03-29;10.27237600
2021-03-30;10.35614400
2021-03-31;10.30951200
2021-04-01;10.34986000
2021-04-06;10.41351800
2021-04-07;10.40777700
2021-04-08;10.42322700
2021-04-09;10.41446300
2021-04-12;10.40201100
2021-04-13;10.37880800
2021-04-14;10.40194400
2021-04-15;10.41744600
2021-04-16;10.50853200
2021-04-19;10.51530400
2021-04-20;10.34206000
2021-04-21;10.39691900
2021-04-22;10.46875400
2021-04-23;10.44656400
2021-04-26;10.48625500
2021-04-27;10.48398600
2021-04-28;10.54704600
2021-04-29;10.54139800
2021-04-30;10.51518300
2021-05-03;10.54908500
2021-05-04;10.42240800
2021-05-05;10.55972500
2021-05-06;10.60003100
2021-05-07;10.65874700
2021-05-10;10.70042700
2021-05-11;10.54750600
2021-05-12;10.59599900
2021-05-13;10.59531500
2021-05-14;10.71809200
2021-05-17;10.71465000
2021-05-18;10.71608300
2021-05-19;10.57715500
2021-05-20;10.67295200
2021-05-21;10.69968600
2021-05-25;10.70142200
2021-05-26;10.67932300
2021-05-27;10.68521700
2021-05-28;10.74676300
2021-05-31;10.68149200
2021-06-01;10.76439500
2021-06-02;10.79247600
2021-06-03;10.80228100
2021-06-04;10.81086900
2021-06-07;10.83966800
2021-06-08;10.82708800
2021-06-09;10.81488200
2021-06-10;10.83112600
2021-06-11;10.88813300
2021-06-14;10.90285400
2021-06-15;10.91247000
2021-06-16;10.89486300
2021-06-17;10.90785900
2021-06-18;10.72146300
2021-06-21;10.78182200
2021-06-22;10.79898600
2021-06-23;10.72202400
2021-06-24;10.79717300
2021-06-25;10.79790800
2021-06-28;10.70714600
2021-06-29;10.73747400
2021-06-30;10.65413400
2021-07-01;10.70419400
2021-07-02;10.68230500
2021-07-05;10.69898500
2021-07-06;10.58518700
2021-07-07;10.60673600
2021-07-08;10.43426600
2021-07-09;10.58851400
2021-07-12;10.63022700
2021-07-13;10.61247900
2021-07-14;10.60326300
2021-07-15;10.50378400
2021-07-16;10.46309900
2021-07-19;10.21152000
2021-07-20;10.26171400
2021-07-21;10.40330800
2021-07-22;10.43602300
2021-07-23;10.52192900
2021-07-26;10.52494300
2021-07-27;10.44891100
2021-07-28;10.48681000
2021-07-29;10.55024300
2021-07-30;10.50063900
2021-08-02;10.54791300
2021-08-03;10.54256500
2021-08-04;10.58265800
2021-08-05;10.61386700
2021-08-06;10.67361000
2021-08-09;10.68339000
2021-08-10;10.70914400
2021-08-11;10.77939900
2021-08-12;10.81236800
2021-08-13;10.82007700
2021-08-16;10.77862000
2021-08-17;10.76010200
2021-08-18;10.77734000
2021-08-19;10.62968700
2021-08-23;10.70936600
2021-08-24;10.70842100
2021-08-25;10.73473900
2021-08-26;10.70933100
2021-08-27;10.74677000
2021-08-30;10.75270300
2021-08-31;10.75860600
2021-09-01;10.82169500
2021-09-02;10.81859100
2021-09-03;10.77208500
2021-09-06;10.82612500
2021-09-07;10.79662000
2021-09-08;10.69817000
2021-09-09;10.66555100
2021-09-10;10.62782800
2021-09-13;10.70637400
2021-09-14;10.70351800
2021-09-15;10.65004900
2021-09-16;10.69409100
2021-09-17;10.63939900
2021-09-20;10.43213400
2021-09-21;10.52011300
2021-09-22;10.65472400
2021-09-23;10.74502300
2021-09-24;10.72100700
2021-09-27;10.79148800
2021-09-28;10.64541100
2021-09-29;10.68301500
2021-09-30;10.64117400
2021-10-01;10.57192200
2021-10-04;10.54478700
2021-10-05;10.67354800
2021-10-06;10.56742100
2021-10-07;10.72261200
2021-10-08;10.71471700
2021-10-11;10.70132000
2021-10-12;10.65418900
2021-10-13;10.66459700
2021-10-14;10.78130700
2021-10-15;10.83611700
2021-10-18;10.78141400
2021-10-19;10.80263200
2021-10-20;10.84625500
2021-10-21;10.78755800
2021-10-22;10.83059200
2021-10-25;10.84266900
2021-10-26;10.90342500
2021-10-27;10.87548500
2021-10-28;10.88210800
2021-10-29;10.91546000
2021-11-02;11.03493000
2021-11-03;11.06514100
2021-11-04;11.08662600
2021-11-05;11.11290100
2021-11-08;11.10452400
2021-11-09;11.09090800
2021-11-10;11.16489400
2021-11-11;11.17808200
2021-11-12;11.17235300
2021-11-15;11.18277600
2021-11-16;11.19986000
2021-11-17;11.18820200
2021-11-18;11.13698400
2021-11-19;11.05369000
2021-11-22;11.06045700
2021-11-23;10.98975500
2021-11-24;10.94921400
2021-11-25;10.95843900
2021-11-26;10.51233500
2021-11-29;10.55551400
2021-11-30;10.42632400
2021-12-01;10.67338400
2021-12-02;10.55709600
2021-12-03;10.48694100
2021-12-06;10.63371700
2021-12-07;10.86755100
2021-12-08;10.81851700
2021-12-09;10.78383300
2021-12-10;10.78062900
2021-12-13;10.73460400
2021-12-14;10.69178700
2021-12-15;10.68299100
2021-12-16;10.80517600
2021-12-17;10.73518700
2021-12-20;10.60594500
2021-12-21;10.77799800
2021-12-22;10.83486300
2021-12-23;10.94643400
2021-12-27;11.00075100
2021-12-28;11.04151900
2021-12-29;11.00711600
2021-12-30;11.04077300
2021-12-31;11.03993500
2022-01-03;11.13056700
2022-01-04;11.24441800
2022-01-05;11.31816400
2022-01-06;11.23716400
2022-01-07;11.22182700
2022-01-10;11.14967000
2022-01-11;11.23306200
2022-01-12;11.30032800
2022-01-13;11.30440200
2022-01-14;11.23529300
2022-01-17;11.31213100
2022-01-18;11.22007100
2022-01-19;11.22647600
2022-01-20;11.30657000
2022-01-21;11.12899700
2022-01-24;10.72748400
2022-01-25;10.79275200
2022-01-26;10.99605800
2022-01-27;11.06313000
2022-01-28;10.95582900
2022-01-31;11.00625900
2022-02-01;11.14007900
2022-02-02;11.13613400
2022-02-03;10.97999000
2022-02-04;10.86248600
2022-02-07;10.93906000
2022-02-08;10.96849600
2022-02-09;11.13290100
2022-02-10;11.13051300
2022-02-11;11.06650100
2022-02-14;10.84885900
2022-02-15;11.01638500
2022-02-16;11.01064000
2022-02-17;10.94797100
2022-02-18;10.87621600
2022-02-21;10.64466500
2022-02-22;10.63738300
2022-02-23;10.61664600
2022-02-24;10.23425800
2022-02-25;10.58812700
2022-02-28;10.45499700
2022-03-01;10.05532000
2022-03-02;10.18324700
2022-03-03;9.99242600
2022-03-04;9.47974900
2022-03-07;9.33373600
2022-03-08;9.40912800
2022-03-09;10.03980400
2022-03-10;9.80245900
2022-03-11;9.89408700
2022-03-16;10.38133300
2022-03-17;10.35431200
2022-03-18;10.38678300
2022-03-21;10.33592000
2022-03-22;10.44802000
2022-03-23;10.32327700
2022-03-24;10.30613700
2022-03-25;10.31121600
2022-03-28;10.35853000
2022-03-29;10.60579700
2022-03-30;10.50990000
2022-03-31;10.39249500
2022-04-01;10.44532400
2022-04-04;10.51296600
2022-04-05;10.43682900
2022-04-06;10.23489200
2022-04-07;10.18575000
2022-04-08;10.33510700
2022-04-11;10.31527400
2022-04-12;10.28757600
2022-04-13;10.27979400
2022-04-14;10.32504100
2022-04-19;10.30325600
2022-04-20;10.45457300
2022-04-21;10.54561500
2022-04-22;10.33690500
2022-04-25;10.15310000
2022-04-26;10.06716100
2022-04-27;10.08843600
2022-04-28;10.19467200
2022-04-29;10.26956000
2022-05-02;10.12342000
2022-05-03;10.19987600
2022-05-04;10.11913600
2022-05-05;10.05817000
2022-05-06;9.92392900
2022-05-09;9.66632400
2022-05-10;9.72621900
2022-05-11;9.94055800
2022-05-12;9.85942200
2022-05-13;10.08557900
2022-05-16;10.04494600
2022-05-17;10.19315500
2022-05-18;10.07242800
2022-05-19;9.95383600
2022-05-20;9.99438700
2022-05-23;10.13648600
2022-05-24;10.00040300
2022-05-25;10.09367000
2022-05-26;10.24706900
2022-05-27;10.41084700
2022-05-30;10.49271300
2022-05-31;10.35519100
2022-06-01;10.28898900
2022-06-02;10.37175100
2022-06-03;10.33748400
2022-06-07;10.39663400
2022-06-08;10.35281900
2022-06-09;10.19777100
2022-06-10;9.88381800
2022-06-13;9.63965800
2022-06-14;9.55712500
2022-06-15;9.71362500
2022-06-16;9.45545000
2022-06-17;9.48610700
2022-06-20;9.57323500
2022-06-21;9.63755300
2022-06-22;9.56216700
2022-06-23;9.47144900
2022-06-24;9.71000900
2022-06-27;9.71897200
2022-06-28;9.73674700
2022-06-29;9.65477500
2022-06-30;9.49516600
2022-07-01;9.48085500
2022-07-04;9.47842400
2022-07-05;9.23108000
2022-07-06;9.39023400
2022-07-07;9.56816600
2022-07-08;9.63020200
2022-07-11;9.53179100
2022-07-12;9.56597400
2022-07-13;9.48128300
2022-07-14;9.33450000
2022-07-15;9.53280300
2022-07-18;9.62837900
2022-07-19;9.81207000
2022-07-20;9.80339600
2022-07-21;9.83567200
2022-07-22;9.83226600
2022-07-25;9.85220300
2022-07-26;9.77950100
2022-07-27;9.86017300
2022-07-28;9.96427700
2022-07-29;10.10280300
2022-08-01;10.10621000
2022-08-02;10.05036600
2022-08-03;10.17287100
2022-08-04;10.22279200
2022-08-05;10.15526500
2022-08-08;10.23841700
2022-08-09;10.13578200
2022-08-10;10.21960800
2022-08-11;10.23055900
2022-08-12;10.28715400
2022-08-15;10.31046200
2022-08-16;10.34601400
2022-08-17;10.22614900
2022-08-18;10.27547500
2022-08-19;10.16340600
2022-08-22;9.97184200
2022-08-23;9.95564000
2022-08-24;9.99653400
2022-08-25;10.00602900
2022-08-26;9.82467700
2022-08-29;9.74852800
2022-08-30;9.73348100
2022-08-31;9.63837600
2022-09-01;9.49330100
2022-09-02;9.70261000
2022-09-05;9.56031000
2022-09-06;9.58828000
2022-09-07;9.59445300
2022-09-08;9.63245800
2022-09-09;9.77282600
2022-09-12;9.96297300
2022-09-13;9.81680400
2022-09-14;9.76368900
2022-09-15;9.70814200
2022-09-16;9.59219600
2022-09-19;9.60484900
2022-09-20;9.51170200
2022-09-21;9.57482600
2022-09-22;9.41795000
2022-09-23;9.21833500
2022-09-26;9.19863700
2022-09-27;9.15280300
2022-09-28;9.16964200
2022-09-29;9.01647000
2022-09-30;9.11392200
2022-10-03;9.17154900
2022-10-04;9.53353800
2022-10-05;9.43639500
2022-10-06;9.39740200
2022-10-07;9.25060800
2022-10-10;9.20709100
2022-10-11;9.17331400
2022-10-12;9.14304000
2022-10-13;9.24544900
2022-10-14;9.28671600
2022-10-17;9.43663400
2022-10-18;9.50420700
2022-10-19;9.50866900
2022-10-20;9.56435900
2022-10-21;9.51733100
2022-10-24;9.65046200
2022-10-25;9.79135000
2022-10-26;9.83724400
2022-10-27;9.84267500
2022-10-28;9.84868900
2022-11-02;9.87881700
2022-11-03;9.80248600
2022-11-04;10.03205500
2022-11-07;10.09651400
2022-11-08;10.17061100
2022-11-09;10.13784700
2022-11-10;10.43714900
2022-11-11;10.50086900
2022-11-14;10.54194200
2022-11-15;10.60509100
2022-11-16;10.52100200
2022-11-17;10.51086500
2022-11-18;10.61604000
2022-11-21;10.58374300
2022-11-22;10.62434900
2022-11-23;10.66218200
2022-11-24;10.70481800
2022-11-25;10.70821800
2022-11-28;10.64713800
2022-11-29;10.64255400
2022-11-30;10.70033300
2022-12-01;10.75412000
2022-12-02;10.74755800
2022-12-05;10.70412500
2022-12-06;10.65316300
2022-12-07;10.61259800
2022-12-08;10.60443800
2022-12-09;10.65731300
2022-12-12;10.60391500
2022-12-13;10.75448600
2022-12-14;10.72627200
2022-12-15;10.40137700
2022-12-16;10.32896600
2022-12-19;10.35491900
2022-12-20;10.32793800
2022-12-21;10.49943200
2022-12-22;10.38893100
2022-12-23;10.38539700
2022-12-27;10.41836400
2022-12-28;10.35917200
2022-12-29;10.45914700
2022-12-30;10.33491300
2022-12-31;10.33445400
2023-01-02;10.49097700
2023-01-03;10.57688600
2023-01-04;10.80658600
2023-01-05;10.76874900
2023-01-06;10.90465800
2023-01-09;11.02781400
2023-01-10;10.99470000
2023-01-11;11.08711100
2023-01-12;11.15517700
2023-01-13;11.20729200
2023-01-16;11.23010900
2023-01-17;11.26155500
2023-01-18;11.26309500
2023-01-19;11.08195500
2023-01-20;11.13884000
2023-01-23;11.20876500
2023-01-24;11.20945200
2023-01-25;11.19173300
2023-01-26;11.24625500
2023-01-27;11.26023300
2023-01-30;11.21228200
2023-01-31;11.22897600
2023-02-01;11.26843600
2023-02-02;11.42482100
2023-02-03;11.45712300
2023-02-06;11.34713000
2023-02-07;11.35999500
2023-02-08;11.37010500
2023-02-09;11.45799300
2023-02-10;11.35089000
2023-02-13;11.44346400
2023-02-14;11.44769300
2023-02-15;11.52899100
2023-02-16;11.57015600
2023-02-17;11.52363700
2023-02-20;11.52005200
2023-02-21;11.47075700
2023-02-22;11.44909400
2023-02-23;11.48141200
2023-02-24;11.31739000
2023-02-27;11.45511100
2023-02-28;11.43335600
2023-03-01;11.39579400
2023-03-02;11.45001800
2023-03-03;11.58925500
2023-03-06;11.60783000
2023-03-07;11.53096100
2023-03-08;11.55126600
2023-03-09;11.54288300
2023-03-10;11.40610800
2023-03-13;11.10804000
2023-03-14;11.28894900
2023-03-16;11.13173400
2023-03-17;11.00495300
2023-03-20;11.13314800
2023-03-21;11.30027800
2023-03-22;11.33086600
2023-03-23;11.35368800
2023-03-24;11.18176300
2023-03-27;11.25813600
2023-03-28;11.27646600
2023-03-29;11.43837200
2023-03-30;11.57228200
2023-03-31;11.63288500
2023-04-03;11.62991900
2023-04-04;11.63016100
2023-04-05;11.58601200
2023-04-06;11.63467500
2023-04-11;11.68466500
2023-04-12;11.69200800
2023-04-13;11.73053100
2023-04-14;11.78724100
2023-04-17;11.75434500
2023-04-18;11.81028100
2023-04-19;11.81119700
2023-04-20;11.77358400
2023-04-21;11.82593900
2023-04-24;11.83569600
2023-04-25;11.79217600
2023-04-26;11.74348600
2023-04-27;11.76223300
2023-04-28;11.78800000
2023-05-02;11.64618600
2023-05-03;11.67079800
2023-05-04;11.63400500
2023-05-05;11.77749300
2023-05-08;11.80763200
2023-05-09;11.75725500
2023-05-10;11.72563500
2023-05-11;11.72534400
2023-05-12;11.74547500
2023-05-15;11.73960700
2023-05-16;11.72843400
2023-05-17;11.75553000
2023-05-18;11.84969000
2023-05-19;11.90417400
2023-05-22;11.89743100
2023-05-23;11.85657500
2023-05-24;11.67988200
2023-05-25;11.65235900
2023-05-26;11.78652700
2023-05-30;11.70463300
2023-05-31;11.53911600
2023-06-01;11.62863400
2023-06-02;11.79700500
2023-06-05;11.72604000
2023-06-06;11.73565200
2023-06-07;11.73440200
2023-06-08;11.74678200
2023-06-09;11.72335800
2023-06-12;11.77033100
2023-06-13;11.83458700
2023-06-14;11.90352000
2023-06-15;11.88135600
2023-06-16;11.94661100
2023-06-19;11.87492100
2023-06-20;11.83332000
2023-06-21;11.80005700
2023-06-22;11.75670200
2023-06-23;11.67779700
2023-06-26;11.68754500
2023-06-27;11.75158400
2023-06-28;11.82701200
2023-06-29;11.84213900
2023-06-30;11.94108500
2023-07-03;11.94552900
2023-07-04;11.93304900
2023-07-05;11.84892100
2023-07-06;11.56704600
2023-07-07;11.60988500
2023-07-10;11.64837000
2023-07-11;11.71699800
2023-07-12;11.88900200
2023-07-13;11.95461600
2023-07-14;11.94776300
2023-07-17;11.86982900
2023-07-18;11.91050000
2023-07-19;11.90115100
2023-07-20;11.93894600
2023-07-21;11.96722300
2023-07-24;11.95078000
2023-07-25;11.96967600
2023-07-26;11.88064300
2023-07-27;12.09827600
2023-07-28;12.13509100
2023-07-31;12.14680700
2023-08-01;12.01273500
2023-08-02;11.85462600
2023-08-03;11.78830000
2023-08-04;11.85880300
2023-08-07;11.89531600
2023-08-08;11.78211000
2023-08-09;11.85301900
2023-08-10;11.99980900
2023-08-11;11.85846700
2023-08-14;11.87360100
2023-08-15;11.77683500
2023-08-16;11.77082200
2023-08-17;11.65213800
2023-08-18;11.62706700
2023-08-21;11.64963900
2023-08-22;11.73480300
2023-08-23;11.75045000
2023-08-24;11.67246100
2023-08-25;11.68380300
2023-08-28;11.81506800
2023-08-29;11.89315200
2023-08-30;11.86942100
2023-08-31;11.83668900
2023-09-01;11.79888100
2023-09-04;11.78718100
2023-09-05;11.76302100
2023-09-06;11.69310700
2023-09-07;11.65122400
2023-09-08;11.69171500
2023-09-11;11.73767800
2023-09-12;11.71167400
2023-09-13;11.66837900
2023-09-14;11.80431500
2023-09-15;11.83454700
2023-09-18;11.71316900
2023-09-19;11.71423200
2023-09-20;11.80243600
2023-09-21;11.66668300
2023-09-25;11.55552600
2023-09-26;11.46551800
2023-09-27;11.46982900
2023-09-28;11.54185900
2023-09-29;11.57934800
2023-10-02;11.49373800
2023-10-03;11.38543900
2023-10-04;11.39071900
2023-10-05;11.38613700
2023-10-06;11.49206400
2023-10-09;11.41600600
2023-10-10;11.64327800
2023-10-11;11.64781000
2023-10-12;11.64128200
2023-10-13;11.49223500
2023-10-16;11.52637600
2023-10-17;11.52830900
2023-10-18;11.41720700
2023-10-19;11.37471000
2023-10-20;11.21457700
2023-10-24;11.29780600
2023-10-25;11.30395200
2023-10-26;11.24656400
2023-10-27;11.16975200
2023-10-30;11.20126900
2023-10-31;11.27942300
2023-11-02;11.56485100
2023-11-03;11.56873800
2023-11-06;11.51681500
2023-11-07;11.49935000
2023-11-08;11.55915800
2023-11-09;11.67906500
2023-11-10;11.60441700
2023-11-13;11.68505600
2023-11-14;11.83876900
2023-11-15;11.88870200
2023-11-16;11.86099000
2023-11-17;11.95217200
2023-11-20;11.95816400
2023-11-21;11.93195100
2023-11-22;11.97120800
2023-11-23;11.99959700
2023-11-24;12.02466300
2023-11-27;11.97623000
2023-11-28;11.96399200
2023-11-29;12.01732000
2023-11-30;12.05064700
2023-12-01;12.13070900
2023-12-04;12.12123300
2023-12-05;12.20384800
2023-12-06;12.27379300
2023-12-07;12.25304400
2023-12-08;12.36626400
2023-12-11;12.39755600
2023-12-12;12.38060800
2023-12-13;12.36602100
2023-12-14;12.39474700
2023-12-15;12.41965100
2023-12-18;12.35424600
2023-12-19;12.39335800
2023-12-20;12.39521000
2023-12-21;12.37161400
2023-12-22;12.37537200
2023-12-27;12.38931700
2023-12-28;12.35307300
2023-12-29;12.36342400
2023-12-31;12.36200300
2024-01-02;12.36106100
2024-01-03;12.20292600
2024-01-04;12.27000900
2024-01-05;12.24660200
2024-01-08;12.29697600
2024-01-09;12.25663800
2024-01-10;12.24954700
2024-01-11;12.18046200
2024-01-12;12.27981000
2024-01-15;12.21763800
2024-01-16;12.18982100
2024-01-17;12.08947800
2024-01-18;12.20264000
2024-01-19;12.18854900
2024-01-22;12.26872200
2024-01-23;12.23756000
2024-01-24;12.45667900
2024-01-25;12.49131600
2024-01-26;12.60662700
2024-01-29;12.60883000
2024-01-30;12.65687600
2024-01-31;12.62820100
2024-02-01;12.58667600
2024-02-02;12.61755900
2024-02-05;12.60811600
2024-02-06;12.68898800
2024-02-07;12.64662100
2024-02-08;12.71356200
2024-02-09;12.72103100
2024-02-12;12.79053300
2024-02-13;12.68085200
2024-02-14;12.72523500
2024-02-15;12.79401100
2024-02-16;12.83895900
2024-02-19;12.83767200
2024-02-20;12.83609200
2024-02-21;12.86857200
2024-02-22;13.03250900
2024-02-23;13.06802500
2024-02-26;13.04410000
2024-02-27;13.08964600
2024-02-28;13.08098000
2024-02-29;13.07167600
2024-03-01;13.09061300
2024-03-04;13.12167500
2024-03-05;13.07175200
2024-03-06;13.11414700
2024-03-07;13.22965700
2024-03-08;13.20668100
2024-03-11;13.14692500
2024-03-12;13.25955900
2024-03-13;13.30061800
2024-03-14;13.27611900
2024-03-18;13.25547200
2024-03-19;13.30546500
2024-03-20;13.29381700
2024-03-21;13.39809100
2024-03-22;13.36346800
2024-03-25;13.38465500
2024-03-26;13.43533800
2024-03-27;13.48070000
2024-03-28;13.48951100
2024-04-02;13.40739000
2024-04-03;13.46320000
2024-04-04;13.48062600
2024-04-05;13.35473300
2024-04-08;13.43554200
2024-04-09;13.33030300
2024-04-10;13.34841800
2024-04-11;13.28507000
2024-04-12;13.26402400
2024-04-15;13.32553100
2024-04-16;13.16388300
2024-04-17;13.17143500
2024-04-18;13.22511200
2024-04-19;13.19346100
2024-04-22;13.26353200
2024-04-23;13.41677300
2024-04-24;13.38329700
2024-04-25;13.27753500
2024-04-26;13.44264400
2024-04-29;13.41963400
2024-04-30;13.30848800
2024-05-02;13.23458200
2024-05-03;13.30129300
2024-05-06;13.39337200
2024-05-07;13.52642900
2024-05-08;13.57258800
2024-05-09;13.63169000
2024-05-10;13.69584300
2024-05-13;13.69889200
2024-05-14;13.70947900
2024-05-15;13.74894800
2024-05-16;13.68985900
2024-05-17;13.66757800
2024-05-21;13.64353700
2024-05-22;13.59780400
2024-05-23;13.61818900
2024-05-24;13.60775400
2024-05-27;13.66249600
2024-05-28;13.61497600
2024-05-29;13.46970400
2024-05-30;13.52975300
2024-05-31;13.53224000
2024-06-03;13.59166300
2024-06-04;13.46663500
2024-06-05;13.61847200
2024-06-06;13.68669500
2024-06-07;13.65154700
2024-06-10;13.57375000
2024-06-11;13.46432600
2024-06-12;13.59596200
2024-06-13;13.37416700
2024-06-14;13.15720700
2024-06-17;13.24260400
2024-06-18;13.31116500
2024-06-19;13.24742600
2024-06-20;13.37669600
2024-06-21;13.29831300
2024-06-24;13.39337200
2024-06-25;13.34404000
2024-06-26;13.30387300
2024-06-27;13.26136900
2024-06-28;13.22969700
2024-07-01;13.32792400
2024-07-02;13.25876600
2024-07-03;13.39578800
2024-07-04;13.44490700
2024-07-05;13.42539400
2024-07-08;13.40637000
2024-07-09;13.25277100
2024-07-10;13.37399800
2024-07-11;13.42849800
2024-07-12;13.56910200
2024-07-15;13.43606100
2024-07-16;13.34867500
2024-07-17;13.27315100
2024-07-18;13.23808100
2024-07-19;13.12151800
2024-07-22;13.29186000
2024-07-23;13.30562500
2024-07-24;13.19799900
2024-07-25;13.08801800
2024-07-26;13.20873000
2024-07-29;13.10250500
2024-07-30;13.16584100
2024-07-31;13.23312000
2024-08-01;12.97403000
2024-08-02;12.68410500
2024-08-05;12.52284000
2024-08-06;12.52750000
2024-08-07;12.76225800
2024-08-08;12.76481200
2024-08-09;12.77651100
2024-08-12;12.76545800
2024-08-13;12.81987700
2024-08-14;12.88411600
2024-08-15;13.08776800
2024-08-16;13.16002300
2024-08-21;13.25828900
2024-08-22;13.25569100
2024-08-23;13.32402300
2024-08-26;13.28989100
2024-08-27;13.30295700
2024-08-28;13.33035600
2024-08-29;13.43986100
2024-08-30;13.42145500
2024-09-02;13.45188500
2024-09-03;13.31308700
2024-09-04;13.17343200
2024-09-05;13.11759800
2024-09-06;12.92255100
2024-09-09;13.01123200
2024-09-10;12.94100000
2024-09-11;12.97500000
2024-09-12;13.08234300
2024-09-13;13.16105900
2024-09-16;13.12429200
2024-09-17;13.20403900
2024-09-18;13.15717700
2024-09-19;13.39375700
2024-09-20;13.23559300
2024-09-23;13.26340600
2024-09-24;13.38685700
2024-09-25;13.34515400
2024-09-26;13.61191200
2024-09-27;13.71749200
2024-09-30;13.55918700
2024-10-01;13.44626800
2024-10-02;13.45426300
2024-10-03;13.36638100
2024-10-04;13.45183400
2024-10-07;13.48637200
2024-10-08;13.43810300
2024-10-09;13.50924500
2024-10-10;13.47641700
2024-10-11;13.53875000
2024-10-14;13.61206600
2024-10-15;13.41657500
2024-10-16;13.32891100
2024-10-17;13.41130700
2024-10-18;13.50598900
2024-10-21;13.39554800
2024-10-22;13.38861900
2024-10-24;13.36519700
2024-10-25;13.38177300
2024-10-28;13.44624800
2024-10-29;13.39193900
2024-10-30;13.25091400
2024-10-31;13.12040700
2024-11-04;13.18210800
2024-11-05;13.23091600
2024-11-06;13.06960800
2024-11-07;13.18089600
2024-11-08;13.06290200
2024-11-11;13.18171900
2024-11-12;12.93202200
2024-11-13;12.91075700
2024-11-14;13.13561400
2024-11-15;13.06056800
2024-11-18;13.05136800
2024-11-19;12.96032900
2024-11-20;12.91331000
2024-11-21;12.95643600
2024-11-22;13.02512500
2024-11-25;13.06322000
2024-11-26;12.96542900
2024-11-27;12.90091900
2024-11-28;12.94445400
2024-11-29;13.04363700
2024-12-02;13.12512500
2024-12-03;13.20428900
2024-12-04;13.29081900
2024-12-05;13.37945500
2024-12-06;13.44113600
2024-12-09;13.47081700
2024-12-10;13.40491900
2024-12-11;13.41591400
2024-12-12;13.42811900
2024-12-13;13.42962900
2024-12-16;13.38011100
2024-12-17;13.36287500
2024-12-18;13.39412700
2024-12-19;13.23062700
2024-12-20;13.19499500
2024-12-23;13.16838400
2024-12-30;13.20160700
2024-12-31;13.25216700
2025-01-02;13.33632100
2025-01-03;13.22625300
2025-01-06;13.49329900
2025-01-07;13.55421500
2025-01-08;13.49477700
2025-01-09;13.54089000
2025-01-10;13.44368300
2025-01-13;13.38983500
2025-01-14;13.44444500
2025-01-15;13.56251500
2025-01-16;13.72206800
2025-01-17;13.82388300
2025-01-20;13.85637300
2025-01-21;13.86226300
2025-01-22;13.93539700
2025-01-23;13.95875200
2025-01-24;13.97101200
2025-01-27;13.92193800
2025-01-28;13.94931800
2025-01-29;14.00894400
2025-01-30;14.13660400
2025-01-31;14.13744000
2025-02-03;13.98277800
2025-02-04;14.08099600
2025-02-05;14.09456000
2025-02-06;14.31750300
2025-02-07;14.26184800
2025-02-10;14.32495300
2025-02-11;14.38821200
2025-02-12;14.42695900
2025-02-13;14.64179700
2025-02-14;14.63302900
2025-02-17;14.69444900
2025-02-18;14.73651500
2025-02-19;14.57024400
2025-02-20;14.57273700
2025-02-21;14.61441100
2025-02-24;14.59221100
2025-02-25;14.57511600
2025-02-26;14.76662300
2025-02-27;14.66349400
2025-02-28;14.63153200
2025-03-03;14.79274400
2025-03-04;14.43781900
2025-03-05;14.69452000
2025-03-06;14.82891100
2025-03-07;14.70255000
2025-03-10;14.52372000
2025-03-11;14.33724400
2025-03-12;14.44679300
2025-03-13;14.38510200
2025-03-14;14.55963000
2025-03-17;14.66107800
2025-03-18;14.76354600
2025-03-19;14.80502700
2025-03-20;14.66637200
2025-03-21;14.60623700
2025-03-24;14.58327300
2025-03-25;14.71884000
2025-03-26;14.59178800
2025-03-27;14.51454700
2025-03-28;14.38591200
2025-03-31;14.17984300
2025-04-01;14.35579500
2025-04-02;14.31669300
2025-04-03;13.84619300
2025-04-04;13.27290800
2025-04-07;12.75973500
2025-04-08;13.05557400
2025-04-09;12.72816400
2025-04-10;13.20055100
2025-04-11;13.13642400
2025-04-14;13.43253100
2025-04-15;13.57153200
2025-04-16;13.55739000
2025-04-17;13.48516300
2025-04-22;13.57532000
2025-04-23;13.89606600
2025-04-24;13.94571200
2025-04-25;14.03978900
2025-04-28;14.08065500
2025-04-29;14.06626200
2025-04-30;14.04797100
2025-05-05;14.37100900
2025-05-06;14.32285000
2025-05-07;14.24900300
2025-05-08;14.39974000
2025-05-09;14.46033700
2025-05-12;14.69177000
2025-05-13;14.75998800
2025-05-14;14.73630600
2025-05-15;14.75136200
2025-05-16;14.78009600
2025-05-19;14.80901000
2025-05-20;14.88674200
2025-05-21;14.87122700
2025-05-22;14.80474300
2025-05-23;14.60158700
2025-05-26;14.76370100
2025-05-27;14.81854700
2025-05-28;14.73530100
2025-05-29;14.72809400
2025-06-02;14.68581000
2025-06-03;14.71748800
2025-06-04;14.78196300
2025-06-05;14.77439600
2025-06-06;14.81425700
2025-06-10;14.80598800
2025-06-11;14.76480400
2025-06-12;14.68660000
2025-06-13;14.52234700
2025-06-16;14.63024000
2025-06-17;14.52771700
2025-06-18;14.47235500
2025-06-19;14.31762400
2025-06-20;14.39500600
2025-06-23;14.36958800
2025-06-24;14.56599900
2025-06-25;14.45081600
2025-06-26;14.42261000
2025-06-27;14.62577700
2025-06-30;14.56748800
2025-07-01;14.54503800
2025-07-02;14.64307100
2025-07-03;14.68754100
2025-07-04;14.56994900
2025-07-07;14.67624800
2025-07-08;14.74651700
2025-07-09;14.91062200
2025-07-10;14.90695600
2025-07-11;14.77962200
2025-07-14;14.75319000
2025-07-15;14.71810200
2025-07-16;14.58319900
2025-07-17;14.76443800
2025-07-18;14.72652700
2025-07-21;14.69238800
2025-07-22;14.57635300
2025-07-23;14.72006800
2025-07-24;14.75126400
2025-07-25;14.75597900
2025-07-28;14.71791700
2025-07-29;14.80927400
2025-07-30;14.83650900
2025-07-31;14.66543100
2025-08-01;14.29859500
2025-08-04;14.49793800
2025-08-05;14.51882800
2025-08-06;14.53760700
2025-08-07;14.69606400
2025-08-08;14.74566700
2025-08-11;14.69654400
2025-08-12;14.71499200
2025-08-13;14.83054400
2025-08-14;14.93001100
2025-08-15;14.96839400
2025-08-18;14.92999200
2025-08-19;15.05605400
2025-08-21;15.00650400
2025-08-22;15.07972500
2025-08-25;14.96487300
2025-08-26;14.82497900
2025-08-27;14.84517200
2025-08-28;14.85172700
2025-08-29;14.74345000
2025-09-01;14.77951100
2025-09-02;14.59749500
2025-09-03;14.67472000
2025-09-04;14.72606900
2025-09-05;14.66555700
2025-09-08;14.76304400
2025-09-09;14.77584700
2025-09-10;14.75391800
2025-09-11;14.81003900
2025-09-12;14.81788200
2025-09-15;14.93190900
2025-09-16;14.78173400
2025-09-17;14.77844500
2025-09-18;14.98360800
2025-09-19;14.96709700
2025-09-22;14.93064700
2025-09-23;15.01522500
2025-09-24;14.99675600
2025-09-25;14.95197400
2025-09-26;15.07418800
2025-09-29;15.10559400
2025-09-30;15.14852500
2025-10-01;15.25858100
2025-10-02;15.40872100
2025-10-03;15.44406500
2025-10-06;15.38494700
2025-10-07;15.35694700
2025-10-08;15.43487800
2025-10-09;15.37374600
2025-10-10;15.17076400
2025-10-13;15.24955500
2025-10-14;15.20946500
2025-10-15;15.33207800
2025-10-16;15.43297800
2025-10-17;15.34604900
2025-10-20;15.50624300
2025-10-21;15.51632200
2025-10-22;15.40793900
2025-10-27;15.56114700
2025-10-28;15.54682800
2025-10-29;15.53805600
2025-10-30;15.51489900
2025-10-31;15.42439800
2025-11-03;15.45031500
2025-11-04;15.39592800
2025-11-05;15.42742200
2025-11-06;15.29512500
2025-11-07;15.18927500
2025-11-10;15.41840900
2025-11-11;15.54798500
2025-11-12;15.67825700
2025-11-13;15.58271100
2025-11-14;15.48169100
